{
    "1": {
        "xlim": [
            10.929006669999998,
            10.980144129999998
        ],
        "ylim": [
            44.566573035,
            44.620465665
        ],
        "h_m": 5988.7557039698795,
        "w_m": 4062.3091372039044
    },
    "2": {
        "xlim": [
            10.933010839999998,
            10.97568996
        ],
        "ylim": [
            44.608046540000004,
            44.67106245999999
        ],
        "h_m": 7002.627352678893,
        "w_m": 3387.977077391773
    },
    "3": {
        "xlim": [
            10.909795339999997,
            10.976795460000002
        ],
        "ylim": [
            44.62265784,
            44.68503576
        ],
        "h_m": 6931.747191537873,
        "w_m": 5317.306293339859
    },
    "4": {
        "xlim": [
            10.882265524999998,
            10.928489175
        ],
        "ylim": [
            44.612935675,
            44.651022625
        ],
        "h_m": 4232.396553239742,
        "w_m": 3669.0430567996727
    },
    "5": {
        "xlim": [
            10.928950760000001,
            10.970113639999997
        ],
        "ylim": [
            44.58071334499999,
            44.62061595499999
        ],
        "h_m": 4434.136605552316,
        "w_m": 3269.146130524107
    },
    "6": {
        "xlim": [
            10.9069124,
            10.942721800000001
        ],
        "ylim": [
            44.629922959999995,
            44.65580023999999
        ],
        "h_m": 2875.6075307002393,
        "w_m": 2841.574064330615
    },
    "7": {
        "xlim": [
            10.921149974999997,
            10.957113924999998
        ],
        "ylim": [
            44.61685705,
            44.65240574999999
        ],
        "h_m": 3950.336414823213,
        "w_m": 2854.478215233626
    },
    "8": {
        "xlim": [
            10.939781854999998,
            11.003721444999998
        ],
        "ylim": [
            44.592062989999995,
            44.63509300999999
        ],
        "h_m": 4781.677690399263,
        "w_m": 5077.078926078208
    },
    "9": {
        "xlim": [
            10.88247424,
            10.977612359999998
        ],
        "ylim": [
            44.6347407,
            44.690427099999994
        ],
        "h_m": 6188.16144869419,
        "w_m": 7548.845735574276
    },
    "10": {
        "xlim": [
            10.911842385,
            10.944888915
        ],
        "ylim": [
            44.626690610000004,
            44.65496698999999
        ],
        "h_m": 3142.205912159523,
        "w_m": 2622.478297783733
    },
    "11": {
        "xlim": [
            10.903749645,
            10.939005854999998
        ],
        "ylim": [
            44.627083760000005,
            44.65705084
        ],
        "h_m": 3330.0852673197833,
        "w_m": 2797.813307857479
    },
    "12": {
        "xlim": [
            10.886151554999998,
            10.917242944999998
        ],
        "ylim": [
            44.87928294999999,
            44.903734850000006
        ],
        "h_m": 2717.3312673084197,
        "w_m": 2456.599858386058
    },
    "13": {
        "xlim": [
            10.886058454999997,
            10.919198045000002
        ],
        "ylim": [
            44.87928294999999,
            44.903734850000006
        ],
        "h_m": 2717.3312673084197,
        "w_m": 2618.432692565371
    },
    "14": {
        "xlim": [
            10.880201614999997,
            10.978204685000001
        ],
        "ylim": [
            44.63063522499999,
            44.68486907499999
        ],
        "h_m": 6026.741442555353,
        "w_m": 7776.716770801945
    },
    "15": {
        "xlim": [
            10.97382228,
            11.020134919999999
        ],
        "ylim": [
            44.594288625,
            44.638136275
        ],
        "h_m": 4872.538448692907,
        "w_m": 3677.2828444751244
    },
    "16": {
        "xlim": [
            10.90710638,
            10.93864822
        ],
        "ylim": [
            44.6120027,
            44.654348299999995
        ],
        "h_m": 4705.638261517648,
        "w_m": 2503.701518704656
    },
    "17": {
        "xlim": [
            10.937941019999998,
            10.98924018
        ],
        "ylim": [
            44.87895575999999,
            44.91814524
        ],
        "h_m": 4355.118874731613,
        "w_m": 4053.2836284132454
    },
    "18": {
        "xlim": [
            10.915040874999999,
            10.940785824999997
        ],
        "ylim": [
            44.61265526999999,
            44.64598372999999
        ],
        "h_m": 3703.6095897593204,
        "w_m": 2043.5380036446538
    },
    "19": {
        "xlim": [
            10.913785069999998,
            10.952452929999998
        ],
        "ylim": [
            44.60236685999999,
            44.64131653999999
        ],
        "h_m": 4328.259352631399,
        "w_m": 3069.8521745899507
    },
    "20": {
        "xlim": [
            10.862615134999999,
            10.914426564999998
        ],
        "ylim": [
            44.66332191499999,
            44.696400784999994
        ],
        "h_m": 3675.906683562863,
        "w_m": 4109.0204737043005
    },
    "21": {
        "xlim": [
            10.891612099999998,
            10.9266493
        ],
        "ylim": [
            44.5990042,
            44.6311572
        ],
        "h_m": 3572.9781998629437,
        "w_m": 2781.7735187793455
    },
    "22": {
        "xlim": [
            10.87863659,
            10.916419609999998
        ],
        "ylim": [
            44.59217135,
            44.633360849999995
        ],
        "h_m": 4577.150675575699,
        "w_m": 3000.1290492267876
    },
    "23": {
        "xlim": [
            10.877221355,
            10.946139544999998
        ],
        "ylim": [
            44.600059110000004,
            44.634101689999994
        ],
        "h_m": 3782.9577013874678,
        "w_m": 5471.650781965997
    },
    "24": {
        "xlim": [
            10.901241459999998,
            10.944360139999999
        ],
        "ylim": [
            44.84522836499999,
            44.898581335
        ],
        "h_m": 5929.0768330540595,
        "w_m": 3408.9117872166466
    },
    "25": {
        "xlim": [
            10.924384980000001,
            10.970831819999999
        ],
        "ylim": [
            44.601409405,
            44.649472695
        ],
        "h_m": 5341.007066406491,
        "w_m": 3687.488110813451
    },
    "26": {
        "xlim": [
            10.895275084999998,
            10.931958214999998
        ],
        "ylim": [
            44.621207085,
            44.65256181499999
        ],
        "h_m": 3484.2843975367155,
        "w_m": 2911.3425388400083
    },
    "27": {
        "xlim": [
            10.88494155,
            10.911800249999997
        ],
        "ylim": [
            44.874201064999994,
            44.898978234999994
        ],
        "h_m": 2753.47602912944,
        "w_m": 2122.352407795927
    },
    "28": {
        "xlim": [
            10.887650945,
            10.977849955
        ],
        "ylim": [
            44.61978144,
            44.68732716
        ],
        "h_m": 7506.018649426078,
        "w_m": 7158.784700932186
    },
    "29": {
        "xlim": [
            10.953723354999997,
            10.991995544999998
        ],
        "ylim": [
            44.63137216999999,
            44.66939323
        ],
        "h_m": 4225.0882258658285,
        "w_m": 3036.9276258368486
    },
    "30": {
        "xlim": [
            10.911562699999998,
            10.976711300000002
        ],
        "ylim": [
            44.613623524999994,
            44.685356174999995
        ],
        "h_m": 7971.285580991757,
        "w_m": 5171.166574186946
    },
    "31": {
        "xlim": [
            10.921378939999999,
            10.97624386
        ],